{
    "Channel_101": {
        "m": 1.0019582258812068,
        "b": -0.10598322292902651
    },
    "Channel_102": {
        "m": 0.9822667046667938,
        "b": 0.5305174622101845
    },
    "Channel_103": {
        "m": 0.9899885088695481,
        "b": 0.32326813102838514
    },
    "Channel_106": {
        "m": 1,
        "b": 0
    },
    "Channel_107": {
        "m": 1,
        "b": 0
    },
    "Channel_108": {
        "m": 1,
        "b": 0
    },
    "Channel_201": {
        "m": 21.5409826561777,
        "b": -259.0950253424071
    },
    "Channel_202": {
        "m": 21.659846919954635,
        "b": -258.91102425093925
    },
    "Channel_203": {
        "m": 21.903062005579287,
        "b": -259.0518651954132
    },
    "Channel_208": {
        "m": 21.731521812986532,
        "b": -259.13149502088476
    },
    "Channel_209": {
        "m": 21.617317378523815,
        "b": -259.59498907078716
    },
    "Channel_210": {
        "m": 21.461648297427658,
        "b": -255.50468665223218
    }
}