{
    "Channel_101": {
        "m": 1.0034516542569942,
        "b": 0.3059347547413793,
        "R2": 0.9999997385328754,
        "remark":"from Channel_103"
    },
    "Channel_102": {
        "m": 1.0034516542569942,
        "b": 0.3059347547413793,
        "R2": 0.9999997385328754,
        "remark":"from Channel_103"
    },
    "Channel_103": {
        "m": 1.0034516542569942,
        "b": 0.3059347547413793,
        "R2": 0.9999997385328754
    },
    "Channel_104": {
        "m": 1.0034516542569942,
        "b": 0.3059347547413793,
        "R2": 0.9999997385328754,
        "remark":"from Channel_103"
    },
    "Channel_105": {
        "m": 1.0034516542569942,
        "b": 0.3059347547413793,
        "R2": 0.9999997385328754,
        "remark":"from Channel_103"
    },
    "Channel_106": {
        "m": 69985.9944,
        "b": -34.97201,
        "R2": 0.99
    },
    "Channel_107": {
        "m": 69986.00187,
        "b": -11.662,
        "R2": 0.99
    },
    "Channel_108": {
        "m": 0.99914,
        "b": 0.00194,
        "R2": 0.99
    },
    "Channel_201": {
        "m": 21.708326830248133,
        "b": -260.9085464776883,
        "R2": 0.9999906288508476
    },
    "Channel_202": {
        "m": 21.825418148115727,
        "b": -260.71080710520914,
        "R2": 0.9999907548186748
    },
    "Channel_203": {
        "m": 22.10588952369146,
        "b": -261.3270332095901,
        "R2": 0.9999902876753815
    },
    "Channel_208": {
        "m": 21.897729500394647,
        "b": -260.9454085080918,
        "R2": 0.9999897988857986
    },
    "Channel_209": {
        "m": 21.80342756039678,
        "b": -261.71684915701155,
        "R2": 0.9999914264457831
    },
    "Channel_210": {
        "m": 21.90692090290032,
        "b": -260.9706140953499,
        "R2": 0.999990855183678
    }
}