{
    "Channel_101": {
        "m": 1.0019582258812065,
        "b": -0.1059832229290123,
        "R2": 0.9997662409530821
    },
    "Channel_102": {
        "m": 0.9822667046667942,
        "b": 0.530517462210156,
        "R2": 0.9998440595837065
    },
    "Channel_103": {
        "m": 0.9899885088695479,
        "b": 0.32326813102839225,
        "R2": 0.9998374001746277
    },
    "Channel_104": {
        "m": 0.9822667046667942,
        "b": 0.530517462210156,
        "R2": 0.9998440595837065,
        "remark":"from Channel_102"
    },
    "Channel_105": {
        "m": 0.9822667046667942,
        "b": 0.530517462210156,
        "R2": 0.9998440595837065,
        "remark":"from Channel_102"
    },
    "Channel_106": {
        "m": 69985.9944,
        "b": -34.97201,
        "R2": 0.99
    },
    "Channel_107": {
        "m": 69986.00187,
        "b": -11.662,
        "R2": 0.99
    },
    "Channel_108": {
        "m": 0.99914,
        "b": 0.00194,
        "R2": 0.99
    },
    "Channel_201": {
        "m": 21.540982656177704,
        "b": -259.09502534240715,
        "R2": 0.9997613377291306
    },
    "Channel_202": {
        "m": 21.65984691995463,
        "b": -258.9110242509392,
        "R2": 0.9997671655184408
    },
    "Channel_203": {
        "m": 21.903062005579294,
        "b": -259.0518651954133,
        "R2": 0.9997636684632115
    },
    "Channel_208": {
        "m": 21.731521812986536,
        "b": -259.1314950208848,
        "R2": 0.9997561405537497
    },
    "Channel_209": {
        "m": 21.617317378523815,
        "b": -259.59498907078716,
        "R2": 0.9997860316090862
    },
    "Channel_210": {
        "m": 21.461648297427654,
        "b": -255.50468665223212,
        "R2": 0.9997791317415715
    }
}