{
    "Channel_101": {
        "m": 1.0213714496193882,
        "b": -0.22922040011301448,
        "R2": 0.9999973949315175
    },
    "Channel_102": {
        "m": 0.9959501138007095,
        "b": 0.5413951725371291,
        "R2": 0.9999999726470148
    },
    "Channel_103": {
        "m": 1.003689804194023,
        "b": 0.3150441714601584,
        "R2": 0.9999998089489248
    },
    "Channel_104": {
        "m": 1.008679766256927,
        "b": 0.1759756802636474,
        "R2": 0.9999986055887662
    },
    "Channel_201": {
        "m": 21.669275319674657,
        "b": -260.3593397941129,
        "R2": 0.9999921243306636
    },
    "Channel_202": {
        "m": 21.790444967346566,
        "b": -260.20155702603154,
        "R2": 0.9999923250497893
    },
    "Channel_203": {
        "m": 22.079200472207525,
        "b": -260.9547053401275,
        "R2": 0.9999917055617372
    },
    "Channel_204": {
        "m": NaN,
        "b": NaN,
        "R2": NaN
    },
    "Channel_205": {
        "m": NaN,
        "b": NaN,
        "R2": NaN
    },
    "Channel_206": {
        "m": NaN,
        "b": NaN,
        "R2": NaN
    },
    "Channel_207": {
        "m": NaN,
        "b": NaN,
        "R2": NaN
    },
    "Channel_208": {
        "m": 21.86192114452951,
        "b": -260.2552377783508,
        "R2": 0.9999936311950214
    },
    "Channel_209": {
        "m": 21.695353162256602,
        "b": -260.09004067661414,
        "R2": 0.9999939417964282
    },
    "Channel_210": {
        "m": 21.90714313798257,
        "b": -260.8312704091808,
        "R2": 0.9999956093617843
    }
}